{
	"id": "autoanimations",
	"title": "Automated Animations",
	"description": "This will automatically run most JB2A Animations such as Melee/Ranged Attacks, Spell Attacks, and Instant Spells",
	"authors": [
		{
			"name": "Otigon (Otigon#2010)",
			"discord": "Otigon#2010"
		}
	],
	"url": "https://github.com/knsv/autoanimations",
	"version": "4.0.70-next",
	"compatibility": {
		"minimum": "10",
		"verified": "11"
	},
	"minimumCoreVersion": "10",
	"compatibleCoreVersion": "10",
	"scripts": [],
	"esmodules": [
		"index.js"
	],
	"styles": [
		"style.css"
	],
	"languages": [
		{
			"lang": "en",
			"name": "English",
			"path": "lang/en.json"
		},
		{
			"lang": "es",
			"name": "Español",
			"path": "lang/es.json"
		},
		{
			"lang": "ko",
			"name": "Korean",
			"path": "lang/ko.json"
		},
		{
			"lang": "ja",
			"name": "日本語",
			"path": "lang/ja.json"
		},
		{
			"lang": "fr",
			"name": "Français",
			"path": "lang/fr.json"
		},
		{
			"lang": "pt-BR",
			"name": "Português (Brasil)",
			"path": "lang/pt-br.json"
		},
		{
			"lang": "de",
			"name": "Deutsch",
			"path": "lang/de.json"
		},
		{
			"lang": "zh-tw",
			"name": "正體中文",
			"path": "lang/zh-tw.json"
		},
		{
			"lang": "cn",
			"name": "中文（简体）",
			"path": "lang/zh_Hans.json"
		},
		{
			"lang": "pt-BR",
			"name": "Português (Brasil)",
			"path": "lang/pt_BR.json"
		}
	],
	"relationships": {
		"requires": [
			{
				"id": "sequencer",
				"type": "module",
				"manifest": "https://github.com/fantasycalendar/FoundryVTT-Sequencer/releases/latest/download/module.json"
			},
			{
				"id": "socketlib",
				"type": "module"
			}
		]
	},
	"socket": true,
	"manifest": "https://raw.githubusercontent.com/knsv/autoanimations/main/module.json",
	"download": "https://raw.githubusercontent.com/knsv/autoanimations/main/module.zip"
}
