{
  "hash": "3d473361",
  "browserHash": "0b383dcc",
  "optimized": {
    "svelte/animate": {
      "src": "../../node_modules/svelte/animate/index.mjs",
      "file": "svelte_animate.js",
      "fileHash": "79fb62a6",
      "needsInterop": false
    },
    "svelte/easing": {
      "src": "../../node_modules/svelte/easing/index.mjs",
      "file": "svelte_easing.js",
      "fileHash": "46aa9b43",
      "needsInterop": false
    },
    "svelte/internal": {
      "src": "../../node_modules/svelte/internal/index.mjs",
      "file": "svelte_internal.js",
      "fileHash": "024c8635",
      "needsInterop": false
    },
    "svelte/motion": {
      "src": "../../node_modules/svelte/motion/index.mjs",
      "file": "svelte_motion.js",
      "fileHash": "e11246a6",
      "needsInterop": false
    },
    "svelte/store": {
      "src": "../../node_modules/svelte/store/index.mjs",
      "file": "svelte_store.js",
      "fileHash": "c1530c1c",
      "needsInterop": false
    },
    "svelte/transition": {
      "src": "../../node_modules/svelte/transition/index.mjs",
      "file": "svelte_transition.js",
      "fileHash": "48b61538",
      "needsInterop": false
    },
    "svelte": {
      "src": "../../node_modules/svelte/index.mjs",
      "file": "svelte.js",
      "fileHash": "76b99242",
      "needsInterop": false
    },
    "@typhonjs-fvtt/runtime/svelte/util": {
      "src": "../../node_modules/@typhonjs-fvtt/runtime/_dist/svelte/util/index.js",
      "file": "@typhonjs-fvtt_runtime_svelte_util.js",
      "fileHash": "46f37b4a",
      "needsInterop": false
    },
    "@typhonjs-fvtt/runtime/svelte/application": {
      "src": "../../node_modules/@typhonjs-fvtt/runtime/_dist/svelte/application/index.js",
      "file": "@typhonjs-fvtt_runtime_svelte_application.js",
      "fileHash": "3a155c1c",
      "needsInterop": false
    },
    "@typhonjs-fvtt/svelte-standard/store": {
      "src": "../../node_modules/@typhonjs-fvtt/svelte-standard/_dist/store/index.js",
      "file": "@typhonjs-fvtt_svelte-standard_store.js",
      "fileHash": "c7bd2e74",
      "needsInterop": false
    },
    "@typhonjs-fvtt/runtime/svelte/store": {
      "src": "../../node_modules/@typhonjs-fvtt/runtime/_dist/svelte/store/index.js",
      "file": "@typhonjs-fvtt_runtime_svelte_store.js",
      "fileHash": "304de091",
      "needsInterop": false
    },
    "@typhonjs-fvtt/runtime/svelte/helper": {
      "src": "../../node_modules/@typhonjs-fvtt/runtime/_dist/svelte/helper/index.js",
      "file": "@typhonjs-fvtt_runtime_svelte_helper.js",
      "fileHash": "3910368a",
      "needsInterop": false
    },
    "@typhonjs-fvtt/runtime/svelte/component/core": {
      "src": "../../node_modules/@typhonjs-fvtt/runtime/_dist/svelte/component/core/index.js",
      "file": "@typhonjs-fvtt_runtime_svelte_component_core.js",
      "fileHash": "b6822352",
      "needsInterop": false
    },
    "@typhonjs-fvtt/svelte-standard/action": {
      "src": "../../node_modules/@typhonjs-fvtt/svelte-standard/_dist/action/index.js",
      "file": "@typhonjs-fvtt_svelte-standard_action.js",
      "fileHash": "15c9a13c",
      "needsInterop": false
    },
    "@typhonjs-fvtt/svelte-standard/component": {
      "src": "../../node_modules/@typhonjs-fvtt/svelte-standard/_dist/component/standard/index.js",
      "file": "@typhonjs-fvtt_svelte-standard_component.js",
      "fileHash": "218717a9",
      "needsInterop": false
    },
    "@typhonjs-fvtt/runtime/svelte/action": {
      "src": "../../node_modules/@typhonjs-fvtt/runtime/_dist/svelte/action/index.js",
      "file": "@typhonjs-fvtt_runtime_svelte_action.js",
      "fileHash": "f22f2c06",
      "needsInterop": false
    },
    "@typhonjs-fvtt/runtime/svelte/animate": {
      "src": "../../node_modules/@typhonjs-fvtt/runtime/_dist/svelte/animate/index.js",
      "file": "@typhonjs-fvtt_runtime_svelte_animate.js",
      "fileHash": "f7fe95d1",
      "needsInterop": false
    }
  },
  "chunks": {
    "chunk-M7Q5IO73": {
      "file": "chunk-M7Q5IO73.js"
    },
    "chunk-77M2F73A": {
      "file": "chunk-77M2F73A.js"
    },
    "chunk-XAX5UMEN": {
      "file": "chunk-XAX5UMEN.js"
    },
    "chunk-O4YYAJH7": {
      "file": "chunk-O4YYAJH7.js"
    },
    "chunk-JJNTGMUB": {
      "file": "chunk-JJNTGMUB.js"
    },
    "chunk-3Q76N6IK": {
      "file": "chunk-3Q76N6IK.js"
    },
    "chunk-I6GVR4NV": {
      "file": "chunk-I6GVR4NV.js"
    },
    "chunk-5XJTXTW6": {
      "file": "chunk-5XJTXTW6.js"
    },
    "chunk-7MS7FSMB": {
      "file": "chunk-7MS7FSMB.js"
    },
    "chunk-AFTQYMJX": {
      "file": "chunk-AFTQYMJX.js"
    },
    "chunk-6A2TAOKG": {
      "file": "chunk-6A2TAOKG.js"
    },
    "chunk-ZYVLR2M6": {
      "file": "chunk-ZYVLR2M6.js"
    },
    "chunk-Q23ZHNO4": {
      "file": "chunk-Q23ZHNO4.js"
    },
    "chunk-7HFSXBDU": {
      "file": "chunk-7HFSXBDU.js"
    }
  }
}